{"cameraMode":{"drawMode":0,"name":"Shaded","section":"Shading Mode"},"sceneLighting":true,"audioPlay":false,"sceneViewState":{"showFog":true,"showMaterialUpdate":false,"showSkybox":true,"showFlares":true,"showImageEffects":true,"showParticleSystems":true},"in2DMode":false,"pivot":{"x":157.35324096679688,"y":306.78350830078127,"z":38.713645935058597},"rotation":{"x":-0.06143087521195412,"y":-0.03172807767987251,"z":0.0019498371984809638,"w":-0.9976121187210083},"size":595.600341796875,"orthographic":false}