{"cameraMode":{"drawMode":0,"name":"Shaded","section":"Shading Mode"},"sceneLighting":true,"audioPlay":false,"sceneViewState":{"showFog":true,"showMaterialUpdate":false,"showSkybox":true,"showFlares":true,"showImageEffects":true,"showParticleSystems":true},"in2DMode":false,"pivot":{"x":511.59405517578127,"y":231.55789184570313,"z":29.659400939941408},"rotation":{"x":-0.025495555251836778,"y":0.013203022070229054,"z":-0.0003392881772015244,"w":-0.9996010661125183},"size":763.1604614257813,"orthographic":false}