{"cameraMode":{"drawMode":0,"name":"Shaded","section":"Shading Mode"},"sceneLighting":true,"audioPlay":false,"sceneViewState":{"showFog":true,"showMaterialUpdate":false,"showSkybox":false,"showFlares":true,"showImageEffects":true,"showParticleSystems":true},"in2DMode":false,"pivot":{"x":-1.1291368007659913,"y":3.0945394039154054,"z":292.2640380859375},"rotation":{"x":-0.08047308027744293,"y":-0.7632057666778565,"z":0.6337608098983765,"w":-0.0969131663441658},"size":20.845352172851564,"orthographic":false}