{"cameraMode":{"drawMode":0,"name":"Shaded","section":"Shading Mode"},"sceneLighting":true,"audioPlay":false,"sceneViewState":{"showFog":true,"showMaterialUpdate":false,"showSkybox":true,"showFlares":true,"showImageEffects":true,"showParticleSystems":true},"in2DMode":false,"pivot":{"x":1529.7030029296875,"y":26.31143569946289,"z":-1352.276123046875},"rotation":{"x":-0.019291691482067109,"y":-0.1452498733997345,"z":0.0028356071561574938,"w":-0.9892122745513916},"size":13.86310863494873,"orthographic":false}