{"cameraMode":{"drawMode":0,"name":"Shaded","section":"Shading Mode"},"sceneLighting":false,"audioPlay":false,"sceneViewState":{"showFog":true,"showMaterialUpdate":false,"showSkybox":false,"showFlares":true,"showImageEffects":true,"showParticleSystems":true},"in2DMode":false,"pivot":{"x":0.17999982833862306,"y":0.26999998092651369,"z":151.1999969482422},"rotation":{"x":0.1089421734213829,"y":0.7578930258750916,"z":-0.1311243623495102,"w":0.6297348737716675},"size":29.097375869750978,"orthographic":false}