{"cameraMode":{"drawMode":0,"name":"Shaded","section":"Shading Mode"},"sceneLighting":true,"audioPlay":false,"sceneViewState":{"showFog":true,"showMaterialUpdate":false,"showSkybox":true,"showFlares":true,"showImageEffects":true,"showParticleSystems":true},"in2DMode":false,"pivot":{"x":-82.23262786865235,"y":4.251567363739014,"z":-796.5497436523438},"rotation":{"x":-0.10862702876329422,"y":0.10864926874637604,"z":-0.011973356828093529,"w":-0.988092839717865},"size":81.52682495117188,"orthographic":false}