{"cameraMode":{"drawMode":0,"name":"Shaded","section":"Shading Mode"},"sceneLighting":false,"audioPlay":false,"sceneViewState":{"showFog":true,"showMaterialUpdate":false,"showSkybox":false,"showFlares":true,"showImageEffects":true,"showParticleSystems":true},"in2DMode":false,"pivot":{"x":0.17999982833862306,"y":0.26999998092651369,"z":151.1999969482422},"rotation":{"x":-0.060320012271404269,"y":-0.767227828502655,"z":0.07296429574489594,"w":-0.6343743205070496},"size":390.4139709472656,"orthographic":false}