{"cameraMode":{"drawMode":0,"name":"Shaded","section":"Shading Mode"},"sceneLighting":true,"audioPlay":false,"sceneViewState":{"showFog":true,"showMaterialUpdate":false,"showSkybox":true,"showFlares":true,"showImageEffects":true,"showParticleSystems":true},"in2DMode":false,"pivot":{"x":-330.34619140625,"y":-276.6965026855469,"z":-720.7980346679688},"rotation":{"x":-0.26500797271728518,"y":0.18288767337799073,"z":-0.051265887916088107,"w":-0.9453579783439636},"size":1584.4356689453125,"orthographic":false}