{"cameraMode":{"drawMode":0,"name":"Shaded","section":"Shading Mode"},"sceneLighting":true,"audioPlay":false,"sceneViewState":{"showFog":true,"showMaterialUpdate":false,"showSkybox":true,"showFlares":true,"showImageEffects":true,"showParticleSystems":true},"in2DMode":false,"pivot":{"x":592.7573852539063,"y":278.2625732421875,"z":2.72808837890625},"rotation":{"x":-0.016499469056725503,"y":-0.001792899682186544,"z":0.00002561773726483807,"w":-0.9998700022697449},"size":846.5986328125,"orthographic":false}