{"cameraMode":{"drawMode":0,"name":"Shaded","section":"Shading Mode"},"sceneLighting":true,"audioPlay":false,"sceneViewState":{"showFog":true,"showMaterialUpdate":false,"showSkybox":true,"showFlares":true,"showImageEffects":true,"showParticleSystems":true},"in2DMode":false,"pivot":{"x":-1385.666748046875,"y":25.299999237060548,"z":-1127.325927734375},"rotation":{"x":-0.30120205879211428,"y":0.3671797215938568,"z":-0.12701743841171266,"w":-0.8708482980728149},"size":98.9941635131836,"orthographic":false}