{"cameraMode":{"drawMode":0,"name":"Shaded","section":"Shading Mode"},"sceneLighting":true,"audioPlay":false,"sceneViewState":{"showFog":true,"showMaterialUpdate":false,"showSkybox":true,"showFlares":true,"showImageEffects":true,"showParticleSystems":true},"in2DMode":false,"pivot":{"x":86.3853759765625,"y":-4.5,"z":180.05172729492188},"rotation":{"x":-0.06146280840039253,"y":0.001205243170261383,"z":-0.00007780364830978215,"w":-0.9981307983398438},"size":13.739323616027832,"orthographic":false}