{"cameraMode":{"drawMode":0,"name":"Shaded","section":"Shading Mode"},"sceneLighting":true,"audioPlay":false,"sceneViewState":{"showFog":true,"showMaterialUpdate":false,"showSkybox":true,"showFlares":true,"showImageEffects":true,"showParticleSystems":true},"in2DMode":false,"pivot":{"x":567.2178344726563,"y":237.37722778320313,"z":-61.470279693603519},"rotation":{"x":-0.03480270132422447,"y":-0.005399565678089857,"z":0.00018354780331719667,"w":-0.9993886947631836},"size":832.1571044921875,"orthographic":false}