{"cameraMode":{"drawMode":0,"name":"Shaded","section":"Shading Mode"},"sceneLighting":true,"audioPlay":false,"sceneViewState":{"showFog":true,"showMaterialUpdate":false,"showSkybox":true,"showFlares":true,"showImageEffects":true,"showParticleSystems":true},"in2DMode":false,"pivot":{"x":334.6512451171875,"y":15.636711120605469,"z":-859.56787109375},"rotation":{"x":0.18289929628372193,"y":0.6786506772041321,"z":-0.18040455877780915,"w":0.6880881786346436},"size":857.2714233398438,"orthographic":false}