{"cameraMode":{"drawMode":0,"name":"Shaded","section":"Shading Mode"},"sceneLighting":true,"audioPlay":false,"sceneViewState":{"showFog":true,"showMaterialUpdate":false,"showSkybox":true,"showFlares":true,"showImageEffects":true,"showParticleSystems":true},"in2DMode":false,"pivot":{"x":866.4758911132813,"y":392.9910888671875,"z":0.3643798828125},"rotation":{"x":-0.016499469056725503,"y":-0.001792899682186544,"z":0.00002561773726483807,"w":-0.9998700022697449},"size":1038.72265625,"orthographic":false}