{"cameraMode":{"drawMode":0,"name":"Shaded","section":"Shading Mode"},"sceneLighting":true,"audioPlay":false,"sceneViewState":{"showFog":true,"showMaterialUpdate":true,"showSkybox":true,"showFlares":true,"showImageEffects":true,"showParticleSystems":true},"in2DMode":false,"pivot":{"x":105.9095458984375,"y":-19.425119400024415,"z":325.78887939453127},"rotation":{"x":-0.141635000705719,"y":0.45314446091651919,"z":-0.07278655469417572,"w":-0.8772616982460022},"size":229.68519592285157,"orthographic":false}