{"cameraMode":{"drawMode":0,"name":"Shaded","section":"Shading Mode"},"sceneLighting":true,"audioPlay":false,"sceneViewState":{"showFog":true,"showMaterialUpdate":true,"showSkybox":true,"showFlares":true,"showImageEffects":true,"showParticleSystems":true},"in2DMode":false,"pivot":{"x":0.38671067357063296,"y":0.06006930023431778,"z":296.7728271484375},"rotation":{"x":-0.08142413944005966,"y":0.05970543995499611,"z":-0.004187929444015026,"w":-0.9950185418128967},"size":1.0014705657958985,"orthographic":false}