{"cameraMode":{"drawMode":0,"name":"Shaded","section":"Shading Mode"},"sceneLighting":true,"audioPlay":false,"sceneViewState":{"showFog":true,"showMaterialUpdate":true,"showSkybox":true,"showFlares":true,"showImageEffects":true,"showParticleSystems":true},"in2DMode":false,"pivot":{"x":4.31289529800415,"y":-0.17647859454154969,"z":296.94903564453127},"rotation":{"x":0.08545227348804474,"y":-0.16038011014461518,"z":0.013988190330564976,"w":0.9833203554153442},"size":5.694016933441162,"orthographic":false}