{"cameraMode":{"drawMode":0,"name":"Shaded","section":"Shading Mode"},"sceneLighting":true,"audioPlay":false,"sceneViewState":{"showFog":true,"showMaterialUpdate":true,"showSkybox":true,"showFlares":true,"showImageEffects":true,"showParticleSystems":true},"in2DMode":false,"pivot":{"x":32.46890640258789,"y":3.94221830368042,"z":-7.027864933013916},"rotation":{"x":-0.5120253562927246,"y":0.13660766184329987,"z":-0.08216830343008042,"w":-0.8441992402076721},"size":308.7471008300781,"orthographic":false}