{"cameraMode":{"drawMode":0,"name":"Shaded","section":"Shading Mode"},"sceneLighting":true,"audioPlay":false,"sceneViewState":{"showFog":true,"showMaterialUpdate":true,"showSkybox":true,"showFlares":true,"showImageEffects":true,"showParticleSystems":true},"in2DMode":false,"pivot":{"x":0.30510833859443667,"y":-0.1053977906703949,"z":297.17938232421877},"rotation":{"x":0.14144910871982575,"y":0.29968661069869997,"z":-0.04539480805397034,"w":0.9424436688423157},"size":1.7163312435150147,"orthographic":false}