{"cameraMode":{"drawMode":0,"name":"Shaded","section":"Shading Mode"},"sceneLighting":false,"audioPlay":false,"sceneViewState":{"showFog":true,"showMaterialUpdate":true,"showSkybox":false,"showFlares":true,"showImageEffects":true,"showParticleSystems":true},"in2DMode":false,"pivot":{"x":-0.009999990463256836,"y":0.13999998569488526,"z":32.7599983215332},"rotation":{"x":0.17616550624370576,"y":-0.14647598564624787,"z":0.026546703651547433,"w":0.9731061458587647},"size":8.27431869506836,"orthographic":false}