{"cameraMode":{"drawMode":0,"name":"Shaded","section":"Shading Mode"},"sceneLighting":false,"audioPlay":false,"sceneViewState":{"showFog":true,"showMaterialUpdate":true,"showSkybox":false,"showFlares":true,"showImageEffects":true,"showParticleSystems":true},"in2DMode":false,"pivot":{"x":0.17999982833862306,"y":0.26999998092651369,"z":151.1999969482422},"rotation":{"x":-0.10648088157176972,"y":-0.29202669858932497,"z":0.0337383933365345,"w":-0.9500465989112854},"size":30.40776824951172,"orthographic":false}