{"cameraMode":{"drawMode":0,"name":"Shaded","section":"Shading Mode"},"sceneLighting":true,"audioPlay":false,"sceneViewState":{"showFog":true,"showMaterialUpdate":true,"showSkybox":true,"showFlares":true,"showImageEffects":true,"showParticleSystems":true},"in2DMode":false,"pivot":{"x":-189.20556640625,"y":-70.84495544433594,"z":565.520263671875},"rotation":{"x":0.0958583801984787,"y":-0.3573916554450989,"z":0.03691106662154198,"w":0.9283168911933899},"size":673.1314086914063,"orthographic":false}