{"cameraMode":{"drawMode":0,"name":"Shaded","section":"Shading Mode"},"sceneLighting":true,"audioPlay":false,"sceneViewState":{"showFog":true,"showMaterialUpdate":true,"showSkybox":true,"showFlares":true,"showImageEffects":true,"showParticleSystems":true},"in2DMode":false,"pivot":{"x":-0.009999990463256836,"y":-1.570000171661377,"z":301.74346923828127},"rotation":{"x":0.18237704038619996,"y":-0.04660101607441902,"z":0.008649451658129692,"w":0.9821579456329346},"size":42.68113708496094,"orthographic":false}