{"cameraMode":{"drawMode":0,"name":"Shaded","section":"Shading Mode"},"sceneLighting":true,"audioPlay":false,"sceneViewState":{"showFog":true,"showMaterialUpdate":true,"showSkybox":true,"showFlares":true,"showImageEffects":true,"showParticleSystems":true},"in2DMode":false,"pivot":{"x":0.4422793984413147,"y":0.00948494765907526,"z":296.39990234375},"rotation":{"x":0.07935897260904312,"y":-0.728341281414032,"z":0.08199144154787064,"w":0.6760709881782532},"size":1.4504995346069337,"orthographic":false}