{"cameraMode":{"drawMode":0,"name":"Shaded","section":"Shading Mode"},"sceneLighting":true,"audioPlay":false,"sceneViewState":{"showFog":true,"showMaterialUpdate":true,"showSkybox":true,"showFlares":true,"showImageEffects":true,"showParticleSystems":true},"in2DMode":false,"pivot":{"x":284.29510498046877,"y":-445.55621337890627,"z":388.3917236328125},"rotation":{"x":-0.30689510703086855,"y":-0.5172259211540222,"z":0.2081327736377716,"w":-0.7716147899627686},"size":1968.9276123046875,"orthographic":false}