{"cameraMode":{"drawMode":0,"name":"Shaded","section":"Shading Mode"},"sceneLighting":true,"audioPlay":false,"sceneViewState":{"showFog":true,"showMaterialUpdate":true,"showSkybox":true,"showFlares":true,"showImageEffects":true,"showParticleSystems":true},"in2DMode":false,"pivot":{"x":0.17573513090610505,"y":0.23247480392456056,"z":298.10992431640627},"rotation":{"x":0.16078834235668183,"y":-0.28953295946121218,"z":0.049038585275411609,"w":0.9423007369041443},"size":4.732089042663574,"orthographic":false}