{"cameraMode":{"drawMode":0,"name":"Shaded","section":"Shading Mode"},"sceneLighting":true,"audioPlay":false,"sceneViewState":{"showFog":true,"showMaterialUpdate":true,"showSkybox":true,"showFlares":true,"showImageEffects":true,"showParticleSystems":true},"in2DMode":false,"pivot":{"x":4.023017883300781,"y":0.063229501247406,"z":296.0994567871094},"rotation":{"x":-0.14303751289844514,"y":0.2802751660346985,"z":-0.04220566153526306,"w":-0.9482662081718445},"size":5.144913196563721,"orthographic":false}