{"cameraMode":{"drawMode":0,"name":"Shaded","section":"Shading Mode"},"sceneLighting":true,"audioPlay":false,"sceneViewState":{"showFog":true,"showMaterialUpdate":true,"showSkybox":true,"showFlares":true,"showImageEffects":true,"showParticleSystems":true},"in2DMode":false,"pivot":{"x":0.49090689420700076,"y":0.07925623655319214,"z":296.4037780761719},"rotation":{"x":-0.009404960088431836,"y":0.04292387515306473,"z":0.0021964043844491245,"w":-0.9993249773979187},"size":1.1924972534179688,"orthographic":false}