{"cameraMode":{"drawMode":0,"name":"Shaded","section":"Shading Mode"},"sceneLighting":true,"audioPlay":false,"sceneViewState":{"showFog":true,"showMaterialUpdate":true,"showSkybox":true,"showFlares":true,"showImageEffects":true,"showParticleSystems":true},"in2DMode":false,"pivot":{"x":0.49090689420700076,"y":0.07925623655319214,"z":296.4037780761719},"rotation":{"x":0.21426360309123994,"y":-0.13952328264713288,"z":0.0284721702337265,"w":0.966597855091095},"size":2.800556182861328,"orthographic":false}