{"cameraMode":{"drawMode":0,"name":"Shaded","section":"Shading Mode"},"sceneLighting":false,"audioPlay":false,"sceneViewState":{"showFog":true,"showMaterialUpdate":true,"showSkybox":false,"showFlares":true,"showImageEffects":true,"showParticleSystems":true},"in2DMode":false,"pivot":{"x":-0.01000070571899414,"y":-1.570000171661377,"z":289.5096740722656},"rotation":{"x":0.16887179017066956,"y":-0.26205533742904665,"z":0.04666748642921448,"w":0.9490836262702942},"size":23.46095085144043,"orthographic":false}