{"cameraMode":{"drawMode":0,"name":"Shaded","section":"Shading Mode"},"sceneLighting":true,"audioPlay":false,"sceneViewState":{"showFog":true,"showMaterialUpdate":true,"showSkybox":true,"showFlares":true,"showImageEffects":true,"showParticleSystems":true},"in2DMode":false,"pivot":{"x":154.27740478515626,"y":-122.76255798339844,"z":739.9949340820313},"rotation":{"x":0.09304530918598175,"y":-0.44285348057746889,"z":0.0462811253964901,"w":0.8906487822532654},"size":1297.212646484375,"orthographic":false}