{"cameraMode":{"drawMode":0,"name":"Shaded","section":"Shading Mode"},"sceneLighting":true,"audioPlay":false,"sceneViewState":{"showFog":true,"showMaterialUpdate":true,"showSkybox":true,"showFlares":true,"showImageEffects":true,"showParticleSystems":true},"in2DMode":false,"pivot":{"x":-165.94259643554688,"y":-140.5257110595703,"z":432.5916748046875},"rotation":{"x":-0.14625664055347444,"y":0.44460436701774599,"z":-0.07348479330539704,"w":-0.8807709813117981},"size":904.7868041992188,"orthographic":false}