{"cameraMode":{"drawMode":0,"name":"Shaded","section":"Shading Mode"},"sceneLighting":true,"audioPlay":false,"sceneViewState":{"showFog":true,"showMaterialUpdate":true,"showSkybox":true,"showFlares":true,"showImageEffects":true,"showParticleSystems":true},"in2DMode":false,"pivot":{"x":-0.9474126696586609,"y":1.5418508052825928,"z":293.4801330566406},"rotation":{"x":0.1812334805727005,"y":-0.42491790652275088,"z":0.08463528752326966,"w":0.8832349181175232},"size":34.73697280883789,"orthographic":false}