{"cameraMode":{"drawMode":0,"name":"Shaded","section":"Shading Mode"},"sceneLighting":true,"audioPlay":false,"sceneViewState":{"showFog":true,"showMaterialUpdate":true,"showSkybox":true,"showFlares":true,"showImageEffects":true,"showParticleSystems":true},"in2DMode":false,"pivot":{"x":0.5925907492637634,"y":0.0860590934753418,"z":481.1263427734375},"rotation":{"x":-0.07133455574512482,"y":0.2824244499206543,"z":-0.020917832851409913,"w":-0.9564813375473023},"size":30.64988136291504,"orthographic":false}