{"cameraMode":{"drawMode":0,"name":"Shaded","section":"Shading Mode"},"sceneLighting":true,"audioPlay":false,"sceneViewState":{"showFog":true,"showMaterialUpdate":true,"showSkybox":true,"showFlares":true,"showImageEffects":true,"showParticleSystems":true},"in2DMode":false,"pivot":{"x":-11.079217910766602,"y":-30.413002014160158,"z":99.28633880615235},"rotation":{"x":-0.2103818655014038,"y":0.4182564616203308,"z":-0.10023678094148636,"w":-0.8779404759407044},"size":396.970947265625,"orthographic":false}