{"cameraMode":{"drawMode":0,"name":"Shaded","section":"Shading Mode"},"sceneLighting":true,"audioPlay":false,"sceneViewState":{"showFog":true,"showMaterialUpdate":true,"showSkybox":true,"showFlares":true,"showImageEffects":true,"showParticleSystems":true},"in2DMode":false,"pivot":{"x":-65.44779205322266,"y":43.49436950683594,"z":794.3731689453125},"rotation":{"x":-0.0400930680334568,"y":0.27255192399024966,"z":-0.010379284620285035,"w":-0.9614589810371399},"size":1256.61181640625,"orthographic":false}