{"cameraMode":{"drawMode":0,"name":"Shaded","section":"Shading Mode"},"sceneLighting":true,"audioPlay":false,"sceneViewState":{"showFog":true,"showMaterialUpdate":true,"showSkybox":true,"showFlares":true,"showImageEffects":true,"showParticleSystems":true},"in2DMode":false,"pivot":{"x":-0.2986726760864258,"y":-1.3304152488708497,"z":300.8561706542969},"rotation":{"x":-0.19054315984249116,"y":0.30470040440559389,"z":-0.0616585873067379,"w":-0.9312888383865356},"size":20.898513793945314,"orthographic":false}