{"cameraMode":{"drawMode":0,"name":"Shaded","section":"Shading Mode"},"sceneLighting":true,"audioPlay":false,"sceneViewState":{"showFog":true,"showMaterialUpdate":false,"showSkybox":true,"showFlares":true,"showImageEffects":true,"showParticleSystems":true},"in2DMode":false,"pivot":{"x":-4.769999980926514,"y":1.7599999904632569,"z":298.30999755859377},"rotation":{"x":-0.23903895914554597,"y":-0.260632187128067,"z":0.0667756050825119,"w":-0.9330020546913147},"size":1.753581166267395,"orthographic":false}