{"cameraMode":{"drawMode":0,"name":"Shaded","section":"Shading Mode"},"sceneLighting":true,"audioPlay":false,"sceneViewState":{"showFog":true,"showMaterialUpdate":false,"showSkybox":true,"showFlares":true,"showImageEffects":true,"showParticleSystems":true},"in2DMode":false,"pivot":{"x":2.5230915546417238,"y":-1.301383137702942,"z":298.7720642089844},"rotation":{"x":0.125209778547287,"y":-0.33131659030914309,"z":0.04433964192867279,"w":0.9342169165611267},"size":10.087342262268067,"orthographic":false}