{"cameraMode":{"drawMode":0,"name":"Shaded","section":"Shading Mode"},"sceneLighting":true,"audioPlay":false,"sceneViewState":{"showFog":true,"showMaterialUpdate":false,"showSkybox":true,"showFlares":true,"showImageEffects":true,"showParticleSystems":true},"in2DMode":false,"pivot":{"x":-12.782903671264649,"y":4.2773590087890629,"z":30.233642578125},"rotation":{"x":0.00025118154007941484,"y":-0.9995722770690918,"z":0.008996222168207169,"w":0.0278935544192791},"size":431.829345703125,"orthographic":false}