{"cameraMode":{"drawMode":0,"name":"Shaded","section":"Shading Mode"},"sceneLighting":false,"audioPlay":false,"sceneViewState":{"showFog":true,"showMaterialUpdate":false,"showSkybox":false,"showFlares":true,"showImageEffects":true,"showParticleSystems":true},"in2DMode":false,"pivot":{"x":0.17999982833862306,"y":0.26999998092651369,"z":151.1999969482422},"rotation":{"x":0.1515243500471115,"y":-0.21837268769741059,"z":0.03434530273079872,"w":0.9634190797805786},"size":29.097375869750978,"orthographic":false}