{"cameraMode":{"drawMode":0,"name":"Shaded","section":"Shading Mode"},"sceneLighting":true,"audioPlay":false,"sceneViewState":{"showFog":true,"showMaterialUpdate":false,"showSkybox":false,"showFlares":true,"showImageEffects":true,"showParticleSystems":true},"in2DMode":false,"pivot":{"x":4.193179607391357,"y":0.269048273563385,"z":296.7686767578125},"rotation":{"x":0.8001684546470642,"y":0.19945083558559419,"z":-0.4135299026966095,"w":0.38593143224716189},"size":7.945926189422607,"orthographic":false}