{"cameraMode":{"drawMode":0,"name":"Shaded","section":"Shading Mode"},"sceneLighting":false,"audioPlay":false,"sceneViewState":{"showFog":true,"showMaterialUpdate":false,"showSkybox":false,"showFlares":true,"showImageEffects":true,"showParticleSystems":true},"in2DMode":false,"pivot":{"x":4.187183380126953,"y":-0.22849613428115846,"z":296.588134765625},"rotation":{"x":0.11615081876516342,"y":0.8188197612762451,"z":-0.17839525640010835,"w":0.5331788659095764},"size":2.2362260818481447,"orthographic":false}