{"cameraMode":{"drawMode":0,"name":"Shaded","section":"Shading Mode"},"sceneLighting":true,"audioPlay":false,"sceneViewState":{"showFog":true,"showMaterialUpdate":false,"showSkybox":true,"showFlares":true,"showImageEffects":true,"showParticleSystems":true},"in2DMode":false,"pivot":{"x":497.82891845703127,"y":357.99969482421877,"z":-748.553955078125},"rotation":{"x":-0.04348338767886162,"y":-0.013812176883220673,"z":0.0005910340114496648,"w":-0.998988926410675},"size":21.8322696685791,"orthographic":false}
