{"cameraMode":{"drawMode":0,"name":"Shaded","section":"Shading Mode"},"sceneLighting":true,"audioPlay":false,"sceneViewState":{"showFog":true,"showMaterialUpdate":false,"showSkybox":true,"showFlares":true,"showImageEffects":true,"showParticleSystems":true},"in2DMode":false,"pivot":{"x":-9.273097038269043,"y":-4.2681450843811039,"z":396.1702575683594},"rotation":{"x":-0.19262322783470155,"y":0.2363978624343872,"z":-0.04787591099739075,"w":-0.9511730670928955},"size":36.72433090209961,"orthographic":false}