{"cameraMode":{"drawMode":0,"name":"Shaded","section":"Shading Mode"},"sceneLighting":true,"audioPlay":false,"sceneViewState":{"showFog":true,"showMaterialUpdate":false,"showSkybox":true,"showFlares":true,"showImageEffects":true,"showParticleSystems":true},"in2DMode":false,"pivot":{"x":23.27853012084961,"y":12.443082809448243,"z":241.8007354736328},"rotation":{"x":0.06389912962913513,"y":-0.4198192358016968,"z":0.02964632213115692,"w":0.9048705101013184},"size":698.8348999023438,"orthographic":false}